{
  "AtlanticSpottedDolphin": {
    "precision": 0.9428571428571428,
    "recall": 0.8918918918918919,
    "f1-score": 0.9166666666666666,
    "support": 37.0
  },
  "BeardedSeal": {
    "precision": 0.1935483870967742,
    "recall": 0.5454545454545454,
    "f1-score": 0.2857142857142857,
    "support": 22.0
  },
  "Beluga_WhiteWhale": {
    "precision": 0.275,
    "recall": 0.4782608695652174,
    "f1-score": 0.3492063492063492,
    "support": 23.0
  },
  "BottlenoseDolphin": {
    "precision": 0.6111111111111112,
    "recall": 0.7586206896551724,
    "f1-score": 0.676923076923077,
    "support": 29.0
  },
  "Boutu_AmazonRiverDolphin": {
    "precision": 0.17391304347826086,
    "recall": 1.0,
    "f1-score": 0.2962962962962963,
    "support": 4.0
  },
  "BowheadWhale": {
    "precision": 0.5068493150684932,
    "recall": 0.6065573770491803,
    "f1-score": 0.5522388059701493,
    "support": 61.0
  },
  "ClymeneDolphin": {
    "precision": 0.7317073170731707,
    "recall": 0.6122448979591837,
    "f1-score": 0.6666666666666666,
    "support": 49.0
  },
  "CommonDolphin": {
    "precision": 0.8524590163934426,
    "recall": 0.7819548872180451,
    "f1-score": 0.8156862745098039,
    "support": 133.0
  },
  "Dall_sPorpoise": {
    "precision": 0.4666666666666667,
    "recall": 0.875,
    "f1-score": 0.6086956521739131,
    "support": 8.0
  },
  "DuskyDolphin": {
    "precision": 0.6666666666666666,
    "recall": 1.0,
    "f1-score": 0.8,
    "support": 4.0
  },
  "FalseKillerWhale": {
    "precision": 0.9358974358974359,
    "recall": 0.9605263157894737,
    "f1-score": 0.948051948051948,
    "support": 76.0
  },
  "Fin_FinbackWhale": {
    "precision": 0.9666666666666667,
    "recall": 0.9886363636363636,
    "f1-score": 0.9775280898876404,
    "support": 88.0
  },
  "Fraser_sDolphin": {
    "precision": 0.6176470588235294,
    "recall": 0.7,
    "f1-score": 0.65625,
    "support": 30.0
  },
  "Grampus_Risso_sDolphin": {
    "precision": 0.6176470588235294,
    "recall": 0.7777777777777778,
    "f1-score": 0.6885245901639344,
    "support": 54.0
  },
  "GrayWhale": {
    "precision": 1.0,
    "recall": 0.4,
    "f1-score": 0.5714285714285714,
    "support": 5.0
  },
  "HarborPorpoise": {
    "precision": 0.6666666666666666,
    "recall": 0.2857142857142857,
    "f1-score": 0.4,
    "support": 7.0
  },
  "HarpSeal": {
    "precision": 0.25,
    "recall": 0.5714285714285714,
    "f1-score": 0.34782608695652173,
    "support": 7.0
  },
  "Heaviside_sDolphin": {
    "precision": 1.0,
    "recall": 0.5,
    "f1-score": 0.6666666666666666,
    "support": 2.0
  },
  "HumpbackWhale": {
    "precision": 0.8928571428571429,
    "recall": 0.5494505494505495,
    "f1-score": 0.6802721088435374,
    "support": 91.0
  },
  "KillerWhale": {
    "precision": 0.9713541666666666,
    "recall": 0.9395465994962217,
    "f1-score": 0.9551856594110115,
    "support": 397.0
  },
  "LeopardSeal": {
    "precision": 0.3333333333333333,
    "recall": 0.2857142857142857,
    "f1-score": 0.3076923076923077,
    "support": 7.0
  },
  "LongBeaked(Pacific)CommonDolphin": {
    "precision": 0.3888888888888889,
    "recall": 0.7,
    "f1-score": 0.5,
    "support": 10.0
  },
  "Long_FinnedPilotWhale": {
    "precision": 0.7919463087248322,
    "recall": 0.6483516483516484,
    "f1-score": 0.7129909365558912,
    "support": 182.0
  },
  "MelonHeadedWhale": {
    "precision": 0.4666666666666667,
    "recall": 0.875,
    "f1-score": 0.6086956521739131,
    "support": 24.0
  },
  "MinkeWhale": {
    "precision": 0.25,
    "recall": 1.0,
    "f1-score": 0.4,
    "support": 3.0
  },
  "Narwhal": {
    "precision": 0.42857142857142855,
    "recall": 0.9230769230769231,
    "f1-score": 0.5853658536585366,
    "support": 13.0
  },
  "NorthernRightWhale": {
    "precision": 0.825,
    "recall": 0.4520547945205479,
    "f1-score": 0.584070796460177,
    "support": 73.0
  },
  "PantropicalSpottedDolphin": {
    "precision": 0.7159763313609467,
    "recall": 0.7806451612903226,
    "f1-score": 0.7469135802469136,
    "support": 155.0
  },
  "RibbonSeal": {
    "precision": 0.2777777777777778,
    "recall": 0.7142857142857143,
    "f1-score": 0.4,
    "support": 7.0
  },
  "RingedSeal": {
    "precision": 0.75,
    "recall": 0.42857142857142855,
    "f1-score": 0.5454545454545454,
    "support": 7.0
  },
  "RossSeal": {
    "precision": 0.5789473684210527,
    "recall": 0.4782608695652174,
    "f1-score": 0.5238095238095238,
    "support": 23.0
  },
  "Rough_ToothedDolphin": {
    "precision": 0.34210526315789475,
    "recall": 0.9285714285714286,
    "f1-score": 0.5,
    "support": 14.0
  },
  "Short_Finned(Pacific)PilotWhale": {
    "precision": 0.6020408163265306,
    "recall": 0.6344086021505376,
    "f1-score": 0.6178010471204188,
    "support": 93.0
  },
  "SouthernRightWhale": {
    "precision": 0.4375,
    "recall": 1.0,
    "f1-score": 0.6086956521739131,
    "support": 7.0
  },
  "SpermWhale": {
    "precision": 0.8478260869565217,
    "recall": 0.4,
    "f1-score": 0.5435540069686411,
    "support": 195.0
  },
  "SpinnerDolphin": {
    "precision": 0.7792207792207793,
    "recall": 0.759493670886076,
    "f1-score": 0.7692307692307693,
    "support": 79.0
  },
  "SpottedSeal": {
    "precision": 0.6666666666666666,
    "recall": 0.6666666666666666,
    "f1-score": 0.6666666666666666,
    "support": 3.0
  },
  "StripedDolphin": {
    "precision": 0.6134453781512605,
    "recall": 0.7156862745098039,
    "f1-score": 0.6606334841628959,
    "support": 102.0
  },
  "TucuxiDolphin": {
    "precision": 0.16666666666666666,
    "recall": 0.5,
    "f1-score": 0.25,
    "support": 2.0
  },
  "Walrus": {
    "precision": 0.8709677419354839,
    "recall": 0.6585365853658537,
    "f1-score": 0.75,
    "support": 41.0
  },
  "WeddellSeal": {
    "precision": 0.5666666666666667,
    "recall": 0.85,
    "f1-score": 0.68,
    "support": 20.0
  },
  "WestIndianManatee": {
    "precision": 0.8181818181818182,
    "recall": 0.8181818181818182,
    "f1-score": 0.8181818181818182,
    "support": 11.0
  },
  "White_beakedDolphin": {
    "precision": 0.7954545454545454,
    "recall": 0.6481481481481481,
    "f1-score": 0.7142857142857143,
    "support": 108.0
  },
  "White_sidedDolphin": {
    "precision": 0.4,
    "recall": 0.6666666666666666,
    "f1-score": 0.5,
    "support": 6.0
  },
  "accuracy": 0.7244809688581315,
  "macro avg": {
    "precision": 0.6148492135441619,
    "recall": 0.6989860524683992,
    "f1-score": 0.6103152306904474,
    "support": 2312.0
  },
  "weighted avg": {
    "precision": 0.7778457052976554,
    "recall": 0.7244809688581315,
    "f1-score": 0.7325724282805207,
    "support": 2312.0
  }
}