epoch,train_loss,val_loss,train_acc,val_acc,lr
1,3.413174,2.860519,10.8494,18.6932,0.001
2,2.862757,2.478311,21.8565,33.1026,0.001
3,2.555637,2.098321,31.7971,41.0212,0.001
4,2.145502,1.634129,42.4703,52.4881,0.001
5,1.827758,1.542606,50.0371,57.4210,0.001
6,1.560136,1.327842,56.2500,58.5028,0.001
7,1.379799,1.038477,60.3394,67.9792,0.001
8,1.212201,0.996287,64.9203,67.8927,0.001
9,1.082961,0.842712,67.4054,74.2536,0.001
10,1.007849,0.981846,70.1873,69.1476,0.001
