epoch,train_loss,val_loss,train_acc,val_acc,lr
1,3.338668,2.521614,37.7318,56.6854,0.0001
2,2.735513,2.041399,53.7092,59.4981,0.0001
3,2.363165,1.790361,57.2886,62.8732,0.0001
4,2.145807,1.602411,59.5048,65.3397,0.0001
5,1.947367,1.468311,60.7474,66.6378,0.0001
6,1.815200,1.395570,62.1013,67.2869,0.0001
7,1.710068,1.309673,62.7226,67.8061,0.0001
8,1.605951,1.263018,64.2433,69.4505,0.0001
9,1.531830,1.181208,65.0130,70.1861,0.0001
10,1.479796,1.148913,66.0794,70.7053,0.0001
