{
  "AtlanticSpottedDolphin": {
    "precision": 1.0,
    "recall": 1.0,
    "f1-score": 1.0,
    "support": 37.0
  },
  "BeardedSeal": {
    "precision": 0.5428571428571428,
    "recall": 0.8636363636363636,
    "f1-score": 0.6666666666666666,
    "support": 22.0
  },
  "Beluga_WhiteWhale": {
    "precision": 0.9047619047619048,
    "recall": 0.8260869565217391,
    "f1-score": 0.8636363636363636,
    "support": 23.0
  },
  "BottlenoseDolphin": {
    "precision": 0.8787878787878788,
    "recall": 1.0,
    "f1-score": 0.9354838709677419,
    "support": 29.0
  },
  "Boutu_AmazonRiverDolphin": {
    "precision": 1.0,
    "recall": 1.0,
    "f1-score": 1.0,
    "support": 4.0
  },
  "BowheadWhale": {
    "precision": 0.9433962264150944,
    "recall": 0.819672131147541,
    "f1-score": 0.8771929824561403,
    "support": 61.0
  },
  "ClymeneDolphin": {
    "precision": 0.9607843137254902,
    "recall": 1.0,
    "f1-score": 0.98,
    "support": 49.0
  },
  "CommonDolphin": {
    "precision": 0.984251968503937,
    "recall": 0.9398496240601504,
    "f1-score": 0.9615384615384616,
    "support": 133.0
  },
  "Dall_sPorpoise": {
    "precision": 0.8888888888888888,
    "recall": 1.0,
    "f1-score": 0.9411764705882353,
    "support": 8.0
  },
  "DuskyDolphin": {
    "precision": 0.8,
    "recall": 1.0,
    "f1-score": 0.8888888888888888,
    "support": 4.0
  },
  "FalseKillerWhale": {
    "precision": 1.0,
    "recall": 1.0,
    "f1-score": 1.0,
    "support": 76.0
  },
  "Fin_FinbackWhale": {
    "precision": 0.9887640449438202,
    "recall": 1.0,
    "f1-score": 0.9943502824858758,
    "support": 88.0
  },
  "Fraser_sDolphin": {
    "precision": 0.967741935483871,
    "recall": 1.0,
    "f1-score": 0.9836065573770492,
    "support": 30.0
  },
  "Grampus_Risso_sDolphin": {
    "precision": 1.0,
    "recall": 0.9814814814814815,
    "f1-score": 0.9906542056074766,
    "support": 54.0
  },
  "GrayWhale": {
    "precision": 0.8,
    "recall": 0.8,
    "f1-score": 0.8,
    "support": 5.0
  },
  "HarborPorpoise": {
    "precision": 1.0,
    "recall": 1.0,
    "f1-score": 1.0,
    "support": 7.0
  },
  "HarpSeal": {
    "precision": 0.875,
    "recall": 1.0,
    "f1-score": 0.9333333333333333,
    "support": 7.0
  },
  "Heaviside_sDolphin": {
    "precision": 1.0,
    "recall": 1.0,
    "f1-score": 1.0,
    "support": 2.0
  },
  "HumpbackWhale": {
    "precision": 0.9565217391304348,
    "recall": 0.967032967032967,
    "f1-score": 0.9617486338797814,
    "support": 91.0
  },
  "KillerWhale": {
    "precision": 0.9974747474747475,
    "recall": 0.9949622166246851,
    "f1-score": 0.9962168978562421,
    "support": 397.0
  },
  "LeopardSeal": {
    "precision": 0.4,
    "recall": 0.2857142857142857,
    "f1-score": 0.3333333333333333,
    "support": 7.0
  },
  "LongBeaked(Pacific)CommonDolphin": {
    "precision": 0.9,
    "recall": 0.9,
    "f1-score": 0.9,
    "support": 10.0
  },
  "Long_FinnedPilotWhale": {
    "precision": 0.9072164948453608,
    "recall": 0.967032967032967,
    "f1-score": 0.9361702127659575,
    "support": 182.0
  },
  "MelonHeadedWhale": {
    "precision": 0.8461538461538461,
    "recall": 0.9166666666666666,
    "f1-score": 0.88,
    "support": 24.0
  },
  "MinkeWhale": {
    "precision": 1.0,
    "recall": 1.0,
    "f1-score": 1.0,
    "support": 3.0
  },
  "Narwhal": {
    "precision": 0.8571428571428571,
    "recall": 0.9230769230769231,
    "f1-score": 0.8888888888888888,
    "support": 13.0
  },
  "NorthernRightWhale": {
    "precision": 0.9861111111111112,
    "recall": 0.9726027397260274,
    "f1-score": 0.9793103448275862,
    "support": 73.0
  },
  "PantropicalSpottedDolphin": {
    "precision": 0.9868421052631579,
    "recall": 0.967741935483871,
    "f1-score": 0.9771986970684039,
    "support": 155.0
  },
  "RibbonSeal": {
    "precision": 0.7777777777777778,
    "recall": 1.0,
    "f1-score": 0.875,
    "support": 7.0
  },
  "RingedSeal": {
    "precision": 0.8571428571428571,
    "recall": 0.8571428571428571,
    "f1-score": 0.8571428571428571,
    "support": 7.0
  },
  "RossSeal": {
    "precision": 0.7916666666666666,
    "recall": 0.8260869565217391,
    "f1-score": 0.8085106382978723,
    "support": 23.0
  },
  "Rough_ToothedDolphin": {
    "precision": 0.875,
    "recall": 1.0,
    "f1-score": 0.9333333333333333,
    "support": 14.0
  },
  "Short_Finned(Pacific)PilotWhale": {
    "precision": 0.9680851063829787,
    "recall": 0.978494623655914,
    "f1-score": 0.9732620320855615,
    "support": 93.0
  },
  "SouthernRightWhale": {
    "precision": 0.875,
    "recall": 1.0,
    "f1-score": 0.9333333333333333,
    "support": 7.0
  },
  "SpermWhale": {
    "precision": 0.9640718562874252,
    "recall": 0.8256410256410256,
    "f1-score": 0.8895027624309392,
    "support": 195.0
  },
  "SpinnerDolphin": {
    "precision": 0.872093023255814,
    "recall": 0.9493670886075949,
    "f1-score": 0.9090909090909091,
    "support": 79.0
  },
  "SpottedSeal": {
    "precision": 1.0,
    "recall": 1.0,
    "f1-score": 1.0,
    "support": 3.0
  },
  "StripedDolphin": {
    "precision": 0.9615384615384616,
    "recall": 0.9803921568627451,
    "f1-score": 0.970873786407767,
    "support": 102.0
  },
  "TucuxiDolphin": {
    "precision": 1.0,
    "recall": 1.0,
    "f1-score": 1.0,
    "support": 2.0
  },
  "Walrus": {
    "precision": 0.9487179487179487,
    "recall": 0.9024390243902439,
    "f1-score": 0.925,
    "support": 41.0
  },
  "WeddellSeal": {
    "precision": 1.0,
    "recall": 0.95,
    "f1-score": 0.9743589743589743,
    "support": 20.0
  },
  "WestIndianManatee": {
    "precision": 0.9090909090909091,
    "recall": 0.9090909090909091,
    "f1-score": 0.9090909090909091,
    "support": 11.0
  },
  "White_beakedDolphin": {
    "precision": 0.9789473684210527,
    "recall": 0.8611111111111112,
    "f1-score": 0.916256157635468,
    "support": 108.0
  },
  "White_sidedDolphin": {
    "precision": 0.3333333333333333,
    "recall": 1.0,
    "f1-score": 0.5,
    "support": 6.0
  },
  "accuracy": 0.9467993079584776,
  "macro avg": {
    "precision": 0.8973900571387449,
    "recall": 0.9355755229824957,
    "f1-score": 0.910094336031235,
    "support": 2312.0
  },
  "weighted avg": {
    "precision": 0.9533949903801648,
    "recall": 0.9467993079584776,
    "f1-score": 0.9481246677266427,
    "support": 2312.0
  }
}