epoch,train_loss,val_loss,train_acc,val_acc,lr
1,3.613946,3.017488,7.1495,14.3661,0.001
2,2.951282,2.566521,21.1239,26.6551,0.001
3,2.546751,2.408329,28.7741,26.8715,0.001
4,2.272630,1.938836,36.7953,40.2856,0.001
5,2.044352,1.817787,43.5645,46.5167,0.001
6,1.759600,1.420167,50.4636,57.7239,0.001
7,1.569051,1.137781,56.6024,63.3925,0.001
8,1.399698,1.140573,60.3858,65.5560,0.001
9,1.255108,0.996591,64.3082,69.4505,0.001
10,1.169528,0.876529,67.9711,73.0420,0.001
