epoch,train_loss,val_loss,train_acc,val_acc,lr
1,2.517913,1.325691,48.7018,69.7534,0.0001
2,1.018402,0.589769,73.9707,83.7300,0.0001
3,0.528455,0.333252,85.2467,90.0909,0.0001
4,0.356696,0.239985,89.7626,92.0381,0.0001
5,0.241774,0.209848,92.6094,92.9468,0.0001
6,0.191783,0.213133,94.0653,93.6824,0.0001
7,0.165630,0.174132,94.8442,94.1151,0.0001
8,0.142810,0.211980,95.7715,93.5958,0.0001
9,0.122525,0.172748,96.3186,94.9805,0.0001
10,0.129156,0.204391,96.6339,94.1584,0.0001
